{
  "curve_right": [
    [2.7495, 2.7499861495844877, 2.75144459833795, 2.7538753462603873, 2.7572783933518004, 2.7616537396121887, 2.767001385041551, 2.7733213296398884, 2.780613573407202, 2.788878116343491, 2.7981149584487532, 2.8083240997229915, 2.819505540166205, 2.8316592797783935, 2.844785318559557, 2.858883656509695, 2.8739542936288087, 2.8899972299168972, 2.9070124653739606, 2.925],
    [2.925, 2.898722335617437, 2.875208047820382, 2.8543036156874173, 2.835855518297128, 2.8197102347280953, 2.8057142440589007, 2.7937140253681285, 2.7835560577343634, 2.7750868202361865, 2.768152791952179, 2.7626004519609273, 2.758276279341012, 2.755026753171016, 2.752698352529523, 2.7511375564951157, 2.7501908441463767, 2.7497046945618893, 2.7495255868202357, 2.7495]],
  "curve_left": [
    [1.17, 1.1252657092870681, 1.0833971424405888, 1.0443431258200901, 1.0080524857850999, 0.9744740486951453, 0.9435566409097534, 0.9152490887884529, 0.8895002186907712, 0.8662588569762357, 0.8454738300043738, 0.8270939641347134, 0.8110680857267822, 0.7973450211401079, 0.7858735967342176, 0.7766026388686397, 0.7694809739029012, 0.76445742819653, 0.7614808281090536, 0.7604999999999998],
    [0.7605000000000001, 0.7614808281090539, 0.7644574281965302, 0.7694809739029012, 0.7766026388686399, 0.785873596734218, 0.7973450211401079, 0.8110680857267821, 0.8270939641347135, 0.8454738300043739, 0.8662588569762355, 0.8895002186907711, 0.915249088788453, 0.9435566409097536, 0.974474048695145, 1.0080524857850999, 1.0443431258200904, 1.083397142440589, 1.125265709287068, 1.17]],
  "straight": [
    [1.755, 1.7307351654760172, 1.704295451231958, 1.6759367254701847, 1.6459148563930603, 1.6144857122029455, 1.5819051611022015, 1.548429071293191, 1.5143133109782767, 1.4798137483598195, 1.4451862516401808, 1.4106866890217231, 1.3765709287068086, 1.3430948388977983, 1.310514287797055, 1.2790851436069397, 1.249063274529815, 1.220704548768042, 1.194264834523983, 1.17],
    [0.7605000000000001, 0.7605000000000002, 0.7605000000000001, 0.7604999999999998, 0.7605000000000002, 0.7605000000000002, 0.7605, 0.7604999999999998, 0.7605, 0.7605000000000002, 0.7605, 0.7604999999999998, 0.7605, 0.7605, 0.7604999999999998, 0.7605, 0.7604999999999998, 0.7605, 0.7604999999999998, 0.7604999999999998]
  ]
}